Rank,Probability,Label,Occupation,SOC Code
1,0.0028,,Recreational Therapists,291125
2,0.003,,"First-Line Supervisors of Mechanics, Installers, and Repairers",491011
3,0.003,,Emergency Management Directors,119161
3,0.003,,Emergency Management Directors,131061
4,0.0031,,Mental Health and Substance Abuse Social Workers,211023
5,0.0033,,Audiologists,291181
5,0.0033,,Audiologists,291121
6,0.0035,,Occupational Therapists,291122
7,0.0035,,Orthotists and Prosthetists,292091
8,0.0035,,Healthcare Social Workers,211022
9,0.0036,,Oral and Maxillofacial Surgeons,291022
10,0.0036,,First-Line Supervisors of Fire Fighting and Prevention Workers,331021
11,0.0039,,Dietitians and Nutritionists,291031
12,0.0039,,Lodging Managers,119081
13,0.004,,Choreographers,272032
14,0.0041,,Sales Engineers,419031
15,0.0042,0,Physicians and Surgeons,291060
16,0.0042,,Instructional Coordinators,259031
17,0.0043,,"Psychologists, All Other",193039
18,0.0044,,First-Line Supervisors of Police and Detectives,331012
19,0.0044,0,"Dentists, General",291021
20,0.0044,,"Elementary School Teachers, Except Special Education",252021
21,0.0045,,"Medical Scientists, Except Epidemiologists",191042
22,0.0046,,"Education Administrators, Elementary and Secondary School",119032
23,0.0046,,Podiatrists,291081
24,0.0047,,"Clinical, Counseling, and School Psychologists",193031
24,0.0047,,"Clinical, Counseling, and School Psychologists",193033
24,0.0047,,"Clinical, Counseling, and School Psychologists",193031
24,0.0047,,"Clinical, Counseling, and School Psychologists",193034
25,0.0048,,Mental Health Counselors,211014
26,0.0049,,Fabric and Apparel Patternmakers,516092
27,0.0055,,Set and Exhibit Designers,271027
28,0.0055,,Human Resources Managers,113121
28,0.0055,,Human Resources Managers,113049
29,0.0061,,Recreation Workers,399032
30,0.0063,,Training and Development Managers,113131
30,0.0063,,Training and Development Managers,113042
31,0.0064,,Speech-Language Pathologists,291127
32,0.0065,,Computer Systems Analysts,151121
32,0.0065,,Computer Systems Analysts,151051
32,0.0065,,Computer Systems Analysts,151211
33,0.0067,0,Social and Community Service Managers,119151
34,0.0068,,Curators,254012
35,0.0071,,Athletic Trainers,299091
36,0.0073,,Medical and Health Services Managers,119111
37,0.0074,0,"Preschool Teachers, Except Special Education",252011
38,0.0075,,Farm and Home Management Advisors,259021
39,0.0077,,Anthropologists and Archeologists,193091
40,0.0077,,"Special Education Teachers, Secondary School",252054
40,0.0077,,"Special Education Teachers, Secondary School",252043
40,0.0077,,"Special Education Teachers, Secondary School",252058
41,0.0078,,"Secondary School Teachers, Except Special and Career/Technical Education",252031
42,0.0081,0,Clergy,212011
43,0.0081,,Foresters,191032
44,0.0085,,"Educational, Guidance, School, and Vocational Counselors",211012
45,0.0088,,"Career/Technical Education Teachers, Secondary School",252032
46,0.009,0,Registered Nurses,291111
47,0.0094,,Rehabilitation Counselors,211015
48,0.0095,,"Teachers and Instructors, All Other",253999
49,0.0095,,Forensic Science Technicians,194092
50,0.01,,"Makeup Artists, Theatrical and Performance",395091
51,0.01,,Marine Engineers and Naval Architects,172121
52,0.01,,"Education Administrators, Postsecondary",119033
53,0.011,,Mechanical Engineers,172141
54,0.012,,Pharmacists,291051
55,0.012,,Logisticians,131081
56,0.012,,Microbiologists,191022
57,0.012,,Industrial-Organizational Psychologists,193032
58,0.013,,Coaches and Scouts,272022
59,0.013,,Sales Managers,112022
60,0.014,,Hydrologists,192043
61,0.014,,Marketing Managers,112021
62,0.014,0,Marriage and Family Therapists,211013
63,0.014,,"Engineers, All Other",172199
64,0.014,,Training and Development Specialists,131151
64,0.014,,Training and Development Specialists,131073
65,0.014,,First-Line Supervisors of Office and Administrative Support Workers,431011
66,0.015,,"Biological Scientists, All Other",191029
67,0.015,,Public Relations and Fundraising Managers,112031
67,0.015,,Public Relations and Fundraising Managers,112032
67,0.015,,Public Relations and Fundraising Managers,112031
67,0.015,,Public Relations and Fundraising Managers,112033
68,0.015,,Multimedia Artists and Animators,271014
69,0.015,,Computer and Information Research Scientists,151111
69,0.015,,Computer and Information Research Scientists,151011
69,0.015,,Computer and Information Research Scientists,151221
70,0.015,0,Chief Executives,111011
71,0.015,0,"Education Administrators, Preschool and Childcare Center/Program",119031
72,0.015,,Music Directors and Composers,272041
73,0.016,,First-Line Supervisors of Production and Operating Workers,511011
74,0.016,,"Securities, Commodities, and Financial Services Sales Agents",413031
75,0.016,,Conservation Scientists,191031
76,0.016,,"Special Education Teachers, Middle School",252053
76,0.016,,"Special Education Teachers, Middle School",252042
76,0.016,,"Special Education Teachers, Middle School",252057
77,0.017,,Chemical Engineers,172041
78,0.017,,Architectural and Engineering Managers,119041
79,0.017,,Aerospace Engineers,172011
80,0.018,,Natural Sciences Managers,119121
81,0.018,,Environmental Engineers,172081
82,0.018,,"Architects, Except Landscape and Naval",171011
83,0.018,,Physical Therapist Assistants,312021
84,0.019,0,Civil Engineers,172051
85,0.02,,"Health Diagnosing and Treating Practitioners, All Other",291199
85,0.02,,"Health Diagnosing and Treating Practitioners, All Other",291291
85,0.02,,"Health Diagnosing and Treating Practitioners, All Other",291199
85,0.02,,"Health Diagnosing and Treating Practitioners, All Other",291299
86,0.021,,Soil and Plant Scientists,191013
87,0.021,,Materials Scientists,192032
88,0.021,,Materials Engineers,172131
89,0.021,0,Fashion Designers,271022
90,0.021,,Physical Therapists,291123
91,0.021,,Photographers,274021
92,0.022,,Producers and Directors,272012
93,0.022,,Interior Designers,271025
94,0.023,,Orthodontists,291023
95,0.023,,Art Directors,271011
96,0.025,,First-Line Supervisors of Correctional Officers,331011
97,0.025,,"Directors, Religious Activities and Education",212021
98,0.025,,"Electronics Engineers, Except Computer",172072
99,0.027,,Biochemists and Biophysicists,191021
100,0.027,,Chiropractors,291011
101,0.028,,Occupational Therapy Assistants,312011
102,0.028,,"Child, Family, and School Social Workers",211021
103,0.028,,"Health and Safety Engineers, Except Mining Safety Engineers and Inspectors",172111
104,0.029,,Industrial Engineers,172112
105,0.029,,First-Line Supervisors of Transportation andMaterial-Moving Machine and Vehicle Operators,531031
105,0.029,,First-Line Supervisors of Transportation andMaterial-Moving Machine and Vehicle Operators,531043
105,0.029,,First-Line Supervisors of Transportation andMaterial-Moving Machine and Vehicle Operators,531031
105,0.029,,First-Line Supervisors of Transportation andMaterial-Moving Machine and Vehicle Operators,531044
105,0.029,,First-Line Supervisors of Transportation andMaterial-Moving Machine and Vehicle Operators,531031
105,0.029,,First-Line Supervisors of Transportation andMaterial-Moving Machine and Vehicle Operators,531049
106,0.029,,Veterinary Technologists and Technicians,292056
107,0.03,,Industrial Production Managers,113051
108,0.03,,Industrial Engineering Technicians,173026
109,0.03,,Network and Computer Systems Administrators,151142
109,0.03,,Network and Computer Systems Administrators,151071
109,0.03,,Network and Computer Systems Administrators,151244
109,0.03,,Network and Computer Systems Administrators,151142
109,0.03,,Network and Computer Systems Administrators,151081
109,0.03,,Network and Computer Systems Administrators,151244
110,0.03,,Database Administrators,151141
110,0.03,,Database Administrators,151061
110,0.03,,Database Administrators,151242
110,0.03,,Database Administrators,151141
110,0.03,,Database Administrators,151061
110,0.03,,Database Administrators,151243
111,0.03,,Purchasing Managers,113061
112,0.032,,Postsecondary Teachers,251000
113,0.033,,"Environmental Scientists and Specialists, Including Health",192041
114,0.033,0,Substance Abuse and Behavioral Disorder Counselors,211011
115,0.035,0,Lawyers,231011
116,0.035,,Craft Artists,271012
117,0.035,,Operations Research Analysts,152031
118,0.035,,Computer and Information Systems Managers,113021
119,0.037,,Commercial and Industrial Designers,271021
120,0.037,,Biomedical Engineers,172031
121,0.037,0,"Meeting, Convention, and Event Planners",131121
121,0.037,0,"Meeting, Convention, and Event Planners",131199
121,0.037,0,"Meeting, Convention, and Event Planners",131121
121,0.037,0,"Meeting, Convention, and Event Planners",273031
122,0.038,,Veterinarians,291131
123,0.038,,Writers and Authors,273043
124,0.039,,Advertising and Promotions Managers,112011
125,0.039,,Political Scientists,193094
126,0.04,,Credit Counselors,132071
127,0.04,,"Social Scientists and Related Workers, All Other",193099
128,0.041,,Astronomers,192011
129,0.041,,Ship Engineers,535031
130,0.042,,"Software Developers, Applications",151132
130,0.042,,"Software Developers, Applications",151031
130,0.042,,"Software Developers, Applications",151252
130,0.042,,"Software Developers, Applications",151132
130,0.042,,"Software Developers, Applications",151031
130,0.042,,"Software Developers, Applications",151253
131,0.042,,"Fine Artists, Including Painters, Sculptors, and Illustrators",271013
132,0.043,,Psychiatric Technicians,292053
133,0.045,0,Landscape Architects,171012
134,0.045,,Health Educators,211091
135,0.047,,Mathematicians,152021
136,0.047,,Floral Designers,271023
137,0.047,,"Farmers, Ranchers, and Other Agricultural Managers",119013
137,0.047,,"Farmers, Ranchers, and Other Agricultural Managers",119011
137,0.047,,"Farmers, Ranchers, and Other Agricultural Managers",119013
137,0.047,,"Farmers, Ranchers, and Other Agricultural Managers",119012
138,0.048,,Forest Fire Inspectors and Prevention Specialists,332022
139,0.049,,Emergency Medical Technicians and Paramedics,292041
139,0.049,,Emergency Medical Technicians and Paramedics,292042
139,0.049,,Emergency Medical Technicians and Paramedics,292041
139,0.049,,Emergency Medical Technicians and Paramedics,292043
140,0.055,,Editors,273041
141,0.055,,Prosthodontists,291024
142,0.055,0,"Healthcare Practitioners and Technical Workers, All Other",299799
143,0.057,,Travel Guides,397012
143,0.057,,Travel Guides,396022
144,0.058,,Licensed Practical and Licensed Vocational Nurses,292061
145,0.059,,Sociologists,193041
146,0.06,,"Arbitrators, Mediators, and Conciliators",231022
147,0.061,,Animal Scientists,191011
148,0.064,,Residential Advisors,399041
149,0.066,,Aircraft Cargo Handling Supervisors,531011
149,0.066,,Aircraft Cargo Handling Supervisors,531041
150,0.066,,Respiratory Therapists,291126
151,0.067,,Broadcast News Analysts,273021
151,0.067,,Broadcast News Analysts,273023
152,0.069,,Financial Managers,113031
153,0.07,,Nuclear Engineers,172161
154,0.071,,Construction Managers,119021
155,0.074,,Musicians and Singers,272042
156,0.075,,First-Line Supervisors of Non-Retail Sales Workers,411012
157,0.076,,First-Line Supervisors of Personal Service Workers,391021
157,0.076,,First-Line Supervisors of Personal Service Workers,391014
157,0.076,,First-Line Supervisors of Personal Service Workers,391021
157,0.076,,First-Line Supervisors of Personal Service Workers,391022
157,0.076,,First-Line Supervisors of Personal Service Workers,391021
157,0.076,,First-Line Supervisors of Personal Service Workers,531044
158,0.077,,Food Scientists and Technologists,191012
159,0.08,0,Compliance Officers,131041
160,0.08,,Fish and Game Wardens,333031
161,0.082,,Graphic Designers,271024
162,0.083,,Food Service Managers,119051
163,0.084,0,Childcare Workers,399011
164,0.085,,Fitness Trainers and Aerobics Instructors,399031
165,0.091,,Gaming Managers,119071
166,0.097,,Electrical Power-Line Installers and Repairers,499051
167,0.098,,Police and Sheriff’s Patrol Officers,333051
168,0.099,,Travel Agents,413041
169,0.1,0,Chefs and Head Cooks,351011
170,0.1,,Animal Trainers,392011
171,0.1,,Radio and Television Announcers,273011
172,0.1,0,Electrical Engineers,172071
173,0.1,,Chemists,192031
174,0.1,,Respiratory Therapy Technicians,292054
174,0.1,,Respiratory Therapy Technicians,292099
175,0.1,0,Physicists,192012
176,0.11,0,"Hairdressers, Hairstylists, and Cosmetologists",395012
177,0.11,,Reporters and Correspondents,273022
177,0.11,,Reporters and Correspondents,273023
178,0.11,,Air Traffic Controllers,532021
179,0.13,,Dancers,272031
180,0.13,,Nuclear Medicine Technologists,292033
181,0.13,,"Software Developers, Systems Software",151133
181,0.13,,"Software Developers, Systems Software",151032
181,0.13,,"Software Developers, Systems Software",151252
181,0.13,,"Software Developers, Systems Software",151133
181,0.13,,"Software Developers, Systems Software",151032
181,0.13,,"Software Developers, Systems Software",151253
182,0.13,,Management Analysts,131111
183,0.13,,Dietetic Technicians,292051
184,0.13,,Urban and Regional Planners,193051
185,0.13,,Social and Human Service Assistants,211093
186,0.13,,Self-Enrichment Education Teachers,253021
187,0.13,,Sound Engineering Technicians,274014
188,0.14,,Optometrists,291041
189,0.14,,"Mining and Geological Engineers, Including Mining Safety Engineers",172151
190,0.14,,Physician Assistants,291071
191,0.15,,"Kindergarten Teachers, Except Special Education",252012
192,0.15,,Electricians,472111
193,0.16,,Petroleum Engineers,172171
194,0.16,,Desktop Publishers,439031
195,0.16,,General and Operations Managers,111021
196,0.17,,Occupational Health and Safety Specialists,299011
196,0.17,,Occupational Health and Safety Specialists,195011
197,0.17,,Firefighters,332011
198,0.17,,Financial Examiners,132061
199,0.17,,First-Line Supervisors of Construction Trades and Extraction Workers,471011
200,0.17,,"Middle School Teachers, Except Special and Career/Technical Education",252022
201,0.18,,Public Relations Specialists,273031
202,0.18,,Commercial Divers,499092
203,0.18,,Manufactured Building and Mobile Home Installers,499095
204,0.18,,"Airline Pilots, Copilots, and Flight Engineers",532011
205,0.19,,Adult Basic and Secondary Education and Literacy Teachers and Instructors,253011
206,0.2,,Epidemiologists,191041
207,0.2,,"Funeral Service Managers, Directors, Morticians, and Undertakers",394831
208,0.21,,"Information Security Analysts, Web Developers, and Computer Network Architects",151179
209,0.21,,Actuaries,152011
210,0.21,,Animal Control Workers,339011
211,0.21,0,Concierges,396012
212,0.22,,"Computer Occupations, All Other",151799
213,0.22,,Statisticians,152041
214,0.22,,Computer Hardware Engineers,172061
215,0.23,,Survey Researchers,193022
216,0.23,,"Business Operations Specialists, All Other",131199
216,0.23,,"Business Operations Specialists, All Other",131082
217,0.23,,Financial Analysts,132051
217,0.23,,Financial Analysts,132054
218,0.23,,Radiologic Technologists and Technicians,292037
219,0.23,,Cardiovascular Technologists and Technicians,292031
220,0.24,,"Agents and Business Managers of Artists, Performers, and Athletes",131011
221,0.24,,"Engineering Technicians, Except Drafters, All Other",173029
221,0.24,,"Engineering Technicians, Except Drafters, All Other",173028
222,0.25,,Geographers,193092
223,0.25,,Occupational Health and Safety Technicians,299012
223,0.25,,Occupational Health and Safety Technicians,195012
224,0.25,,Probation Officers and Correctional Treatment Specialists,211092
225,0.25,,Environmental Engineering Technicians,173025
226,0.25,,"Managers, All Other",119199
226,0.25,,"Managers, All Other",119072
226,0.25,,"Managers, All Other",119199
226,0.25,,"Managers, All Other",119179
226,0.25,,"Managers, All Other",119199
226,0.25,,"Managers, All Other",131082
227,0.25,,"Ambulance Drivers and Attendants, Except Emergency Medical Technicians",533011
228,0.25,,"Sales Representatives, Wholesale and Manufacturing, Technical and",414011
229,0.26,,"Career/Technical Education Teachers, Middle School",252023
230,0.27,,"Captains, Mates, and Pilots of Water Vessels",535021
231,0.27,,Occupational Therapy Aides,312012
232,0.27,,Medical Equipment Repairers,499062
233,0.28,,First-Line Supervisors of Retail Sales Workers,411011
234,0.28,0,Athletes and Sports Competitors,272021
235,0.28,,Gaming Supervisors,391011
235,0.28,,Gaming Supervisors,391013
236,0.29,,Skincare Specialists,395094
237,0.29,,"Wholesale and Retail Buyers, Except Farm Products",131022
238,0.3,,Biological Technicians,194021
239,0.3,,Medical Assistants,319092
240,0.3,0,Zoologists and Wildlife Biologists,191023
241,0.3,,"Cooks, Private Household",352013
242,0.31,,"Human Resources, Training, and Labor Relations Specialists, All Other",131078
243,0.31,,Private Detectives and Investigators,339021
244,0.31,,Film and Video Editors,274032
245,0.33,,"Financial Specialists, All Other",132099
245,0.33,,"Financial Specialists, All Other",132054
246,0.34,,Detectives and Criminal Investigators,333021
247,0.34,,Surgical Technologists,292055
248,0.34,,Radiation Therapists,291124
249,0.35,0,"Plumbers, Pipefitters, and Steamfitters",472152
250,0.35,0,Flight Attendants,532031
250,0.35,0,Flight Attendants,396031
251,0.35,,Diagnostic Medical Sonographers,292032
252,0.36,,Bailiffs,333011
253,0.36,,"Computer Numerically Controlled Machine Tool Programmers, Metal and Plastic",514012
253,0.36,,"Computer Numerically Controlled Machine Tool Programmers, Metal and Plastic",519162
254,0.36,,"Telecommunications Equipment Installers and Repairers, Except Line Installers",492022
255,0.37,,"Furnace, Kiln, Oven, Drier, and Kettle Operators and Tenders",519051
256,0.37,,Cleaners of Vehicles and Equipment,537061
257,0.37,,Funeral Attendants,394021
258,0.37,,Helpers–Extraction Workers,475081
259,0.37,,Actors,272011
260,0.37,,Mine Shuttle Car Operators,537111
260,0.37,,Mine Shuttle Car Operators,475044
261,0.38,,"Electrical and Electronics Repairers, Powerhouse, Substation, and Relay",492095
262,0.38,1,Surveyors,171022
263,0.38,,Mechanical Engineering Technicians,173027
264,0.38,,"Packers and Packagers, Hand",537064
265,0.38,,Interpreters and Translators,273091
266,0.39,,Home Health Aides,311011
266,0.39,,Home Health Aides,311121
267,0.39,,Upholsterers,516093
268,0.39,,Elevator Installers and Repairers,474021
269,0.39,,Gaming Cage Workers,433041
270,0.39,,Audio-Visual and Multimedia Collections Specialists,259011
270,0.39,,Audio-Visual and Multimedia Collections Specialists,254022
271,0.4,0,"Judges, Magistrate Judges, and Magistrates",231023
272,0.4,,"Mobile Heavy Equipment Mechanics, Except Engines",493042
273,0.4,,"Health Technologists and Technicians, All Other",292799
274,0.41,,"Graders and Sorters, Agricultural Products",452041
275,0.41,,Structural Metal Fabricators and Fitters,512041
276,0.41,1,Judicial Law Clerks,231012
276,0.41,1,Judicial Law Clerks,232092
277,0.41,,"Electrical and Electronics Repairers, Commercial and Industrial Equipment",492094
278,0.42,,Forest and Conservation Technicians,194093
278,0.42,,Forest and Conservation Technicians,194071
279,0.42,,"First-Line Supervisors of Helpers, Laborers, and Material Movers, Hand",531021
279,0.42,,"First-Line Supervisors of Helpers, Laborers, and Material Movers, Hand",531042
280,0.43,,"Locker Room, Coatroom, and Dressing Room Attendants",393093
281,0.43,,"Physical Scientists, All Other",192099
282,0.43,0,Economists,193011
283,0.44,,Historians,193093
284,0.45,,Medical Appliance Technicians,519082
285,0.46,,"Court, Municipal, and License Clerks",434031
286,0.47,,"Compensation, Benefits, and Job Analysis Specialists",131141
286,0.47,,"Compensation, Benefits, and Job Analysis Specialists",131072
287,0.47,,Psychiatric Aides,311013
287,0.47,,Psychiatric Aides,311133
288,0.47,,Medical and Clinical Laboratory Technicians,292012
289,0.48,,Fire Inspectors and Investigators,332021
290,0.48,,Aerospace Engineering and Operations Technicians,173021
291,0.48,,Merchandise Displayers and Window Trimmers,271026
292,0.48,,"Explosives Workers, Ordnance Handling Experts, and Blasters",475031
292,0.48,,"Explosives Workers, Ordnance Handling Experts, and Blasters",475032
293,0.48,,Computer Programmers,151131
293,0.48,,Computer Programmers,151021
293,0.48,,Computer Programmers,151251
294,0.49,,Crossing Guards,339091
295,0.49,,Agricultural Engineers,172021
296,0.49,,"Roof Bolters, Mining",475061
296,0.49,,"Roof Bolters, Mining",475043
297,0.49,,Telecommunications Line Installers and Repairers,499052
298,0.49,,"Police, Fire, and Ambulance Dispatchers",435031
299,0.5,,"Loading Machine Operators, Underground Mining",537033
299,0.5,,"Loading Machine Operators, Underground Mining",475044
300,0.5,,"Installation, Maintenance, and Repair Workers, All Other",499799
301,0.5,,Court Reporters,232091
301,0.5,,Court Reporters,273092
302,0.51,,Demonstrators and Product Promoters,419011
303,0.51,,Dental Assistants,319091
304,0.52,,Shoe and Leather Workers and Repairers,516041
305,0.52,,Architectural and Civil Drafters,173011
306,0.53,,"Rotary Drill Operators, Oil and Gas",475012
307,0.53,,Hazardous Materials Removal Workers,474041
308,0.54,,Embalmers,394011
309,0.54,,Continuous Mining Machine Operators,475041
310,0.54,,Slot Supervisors,391012
310,0.54,,Slot Supervisors,391013
311,0.54,,Massage Therapists,319011
312,0.54,,Advertising Sales Agents,413011
313,0.55,,Automotive Glass Installers and Repairers,493022
314,0.55,,Commercial Pilots,532012
315,0.55,,Customer Service Representatives,434051
316,0.55,,Audio and Video Equipment Technicians,274011
317,0.56,,Teacher Assistants,259041
317,0.56,,Teacher Assistants,259042
317,0.56,,Teacher Assistants,259041
317,0.56,,Teacher Assistants,259043
317,0.56,,Teacher Assistants,259041
317,0.56,,Teacher Assistants,259049
318,0.57,,"First-Line Supervisors of Farming, Fishing, and Forestry Workers",451011
319,0.57,,Chemical Technicians,194031
320,0.57,,"Helpers–Pipelayers, Plumbers, Pipefitters, and Steamfitters",473015
321,0.57,1,Cost Estimators,131051
322,0.57,,Transit and Railroad Police,333052
323,0.57,,"First-Line Supervisors of Landscaping, Lawn Service, and Groundskeeping Workers",371012
324,0.58,,Personal Financial Advisors,132052
325,0.59,,Millwrights,499044
326,0.59,,Museum Technicians and Conservators,254013
327,0.59,,Mine Cutting and Channeling Machine Operators,475042
327,0.59,,Mine Cutting and Channeling Machine Operators,475049
328,0.59,0,"Transportation, Storage, and Distribution Managers",113071
329,0.59,,Recreational Vehicle Service Technicians,493092
330,0.59,,Automotive Service Technicians and Mechanics,493023
331,0.6,,Correctional Officers and Jailers,333012
332,0.6,,"Camera Operators, Television, Video, and Motion Picture",274031
333,0.6,,Slaughterers and Meat Packers,513023
334,0.61,,"Electronic Equipment Installers and Repairers, Motor Vehicles",492096
335,0.61,,Physical Therapist Aides,312022
336,0.61,,Costume Attendants,393092
337,0.61,1,Market Research Analysts and Marketing Specialists,131161
337,0.61,1,Market Research Analysts and Marketing Specialists,131199
337,0.61,1,Market Research Analysts and Marketing Specialists,131161
337,0.61,1,Market Research Analysts and Marketing Specialists,193021
337,0.61,1,Market Research Analysts and Marketing Specialists,131161
337,0.61,1,Market Research Analysts and Marketing Specialists,273031
338,0.61,,Reservation and Transportation Ticket Agents and Travel Clerks,434181
339,0.61,,Water and Wastewater Treatment Plant and System Operators,518031
340,0.61,,"Life, Physical, and Social Science Technicians, All Other",194099
340,0.61,,"Life, Physical, and Social Science Technicians, All Other",194044
341,0.61,,Food Cooking Machine Operators and Tenders,513093
342,0.61,,"Welding, Soldering, and Brazing Machine Setters, Operators, and Tenders",514122
343,0.62,1,Motorboat Operators,535022
344,0.62,,Tapers,472082
345,0.62,,Pipelayers,472151
346,0.63,,"Geoscientists, Except Hydrologists and Geographers",192042
347,0.63,,"Control and Valve Installers and Repairers, Except Mechanical Door",499012
348,0.63,,"Healthcare Support Workers, All Other",319799
349,0.63,,First-Line Supervisors of Food Preparation and Serving Workers,351012
350,0.63,,Construction and Building Inspectors,474011
351,0.64,,"Cutters and Trimmers, Hand",519031
352,0.64,,"Maintenance and Repair Workers, General",499071
352,0.64,,"Maintenance and Repair Workers, General",499042
353,0.64,,"Administrative Law Judges, Adjudicators, and Hearing Officers",231021
354,0.64,,Stock Clerks and Order Fillers,435081
354,0.64,,Stock Clerks and Order Fillers,537065
355,0.64,,Power Distributors and Dispatchers,518012
356,0.64,,"Insulation Workers, Mechanical",472132
357,0.65,,Social Science Research Assistants,194061
358,0.65,,Machinists,514041
359,0.65,,Computer Support Specialists,151150
360,0.65,,Librarians,254021
360,0.65,,Librarians,254022
361,0.65,,Electronic Home Entertainment Equipment Installers and Repairers,492097
362,0.65,,"Heating, Air Conditioning, and Refrigeration Mechanics and Installers",499021
363,0.65,,Hoist and Winch Operators,537041
364,0.66,,Pest Control Workers,372021
365,0.66,,Helpers–Production Workers,519198
366,0.66,,Statistical Assistants,439111
367,0.66,,"Janitors and Cleaners, Except Maids and Housekeeping Cleaners",372011
368,0.66,,Motorboat Mechanics and Service Technicians,493051
369,0.67,,"Paper Goods Machine Setters, Operators, and Tenders",519196
370,0.67,,Foundry Mold and Coremakers,514071
371,0.67,,Atmospheric and Space Scientists,192021
372,0.67,1,"Bus Drivers, Transit and Intercity",533021
372,0.67,1,"Bus Drivers, Transit and Intercity",533052
373,0.67,,"Lifeguards, Ski Patrol, and Other Recreational Protective ServiceWorkers",339092
374,0.67,,Industrial Machinery Mechanics,499041
375,0.68,,Postal Service Mail Carriers,435052
376,0.68,,"Roustabouts, Oil and Gas",475071
377,0.68,,Boilermakers,472011
378,0.68,,Mechanical Drafters,173013
379,0.68,,Dental Hygienists,292021
379,0.68,,Dental Hygienists,291292
380,0.69,1,Light Truck or Delivery Services Drivers,533033
381,0.69,0,Maids and Housekeeping Cleaners,372012
382,0.69,,"Painters, Transportation Equipment",519122
382,0.69,,"Painters, Transportation Equipment",519124
383,0.7,,"Eligibility Interviewers, Government Programs",434061
384,0.7,,Tire Repairers and Changers,493093
385,0.7,,Food Batchmakers,513092
386,0.7,,Avionics Technicians,492091
387,0.71,,Aircraft Mechanics and Service Technicians,493011
388,0.71,,Airfield Operations Specialists,532022
389,0.71,,"Petroleum Pump System Operators, Refinery Operators, and Gaugers",518093
390,0.71,,"Construction and Related Workers, All Other",474799
391,0.71,,"Opticians, Dispensing",292081
392,0.71,,Laundry and Dry-Cleaning Workers,516011
393,0.72,,Amusement and Recreation Attendants,393091
394,0.72,,Pharmacy Aides,319095
395,0.72,,Helpers–Roofers,473016
396,0.72,,"Tank Car, Truck, and Ship Loaders",537121
397,0.72,,Home Appliance Repairers,499031
398,0.72,,Carpenters,472031
399,0.72,,Public Address System and Other Announcers,273012
399,0.72,,Public Address System and Other Announcers,273099
400,0.73,,"Textile Knitting and Weaving Machine Setters, Operators, and Tenders",516063
401,0.73,,Administrative Services Managers,113011
401,0.73,,Administrative Services Managers,113012
401,0.73,,Administrative Services Managers,113011
401,0.73,,Administrative Services Managers,113013
402,0.73,,Glaziers,472121
403,0.73,,"Coil Winders, Tapers, and Finishers",512021
404,0.73,,Bus and Truck Mechanics and Diesel Engine Specialists,493031
405,0.74,,"Computer, Automated Teller, and Office Machine Repairers",492011
406,0.74,,Personal Care Aides,399021
406,0.74,,Personal Care Aides,311122
407,0.74,,Broadcast Technicians,274012
408,0.74,,Helpers–Electricians,473013
409,0.75,,Postmasters and Mail Superintendents,119131
410,0.75,,Tile and Marble Setters,472044
411,0.75,,"Painters, Construction and Maintenance",472141
412,0.75,,"Transportation Attendants, Except Flight Attendants",536061
412,0.75,,"Transportation Attendants, Except Flight Attendants",396032
413,0.75,1,Civil Engineering Technicians,173022
414,0.75,,Farm Equipment Mechanics and Service Technicians,493041
415,0.76,,Archivists,254011
416,0.76,,Chemical Equipment Operators and Tenders,519011
417,0.76,,"Electric Motor, Power Tool, and Related Repairers",492092
418,0.76,,Fallers,454021
419,0.77,,"Environmental Science and Protection Technicians, Including Health",194091
419,0.77,,"Environmental Science and Protection Technicians, Including Health",194042
420,0.77,,Locksmiths and Safe Repairers,499094
421,0.77,,Tree Trimmers and Pruners,373013
422,0.77,,Bartenders,353011
423,0.77,,"Purchasing Agents, Except Wholesale, Retail, and Farm Products",131023
424,0.77,1,Dishwashers,359021
425,0.77,0,Hunters and Trappers,453021
425,0.77,0,Hunters and Trappers,453031
426,0.78,,Medical Equipment Preparers,319093
427,0.78,,"Cutting, Punching, and Press Machine Setters, Operators, and Tenders, Metal and Plastic",514031
428,0.78,,Computer Operators,439011
428,0.78,,Computer Operators,151299
429,0.78,,Gas Plant Operators,518092
430,0.79,,"Postal Service Mail Sorters, Processors, and Processing Machine Operators",435053
431,0.79,,Heavy and Tractor-Trailer Truck Drivers,533032
432,0.79,,Shampooers,395093
433,0.79,,Drywall and Ceiling Tile Installers,472081
434,0.79,,"Helpers–Installation, Maintenance, and Repair Workers",499098
435,0.79,,Motorcycle Mechanics,493052
436,0.79,,"Aircraft Structure, Surfaces, Rigging, and Systems Assemblers",512011
437,0.79,,Logging Equipment Operators,454022
438,0.79,,"Floor Layers, Except Carpet, Wood, and Hard Tiles",472042
439,0.8,,Barbers,395011
440,0.8,,"Derrick Operators, Oil and Gas",475011
441,0.81,1,"Cooks, Fast Food",352011
442,0.81,,Word Processors and Typists,439022
443,0.81,1,Electrical and Electronics Drafters,173012
444,0.81,,Electro-Mechanical Technicians,173024
445,0.81,,"Cleaning, Washing, and Metal Pickling Equipment Operators and Tenders",519192
446,0.81,,"Property, Real Estate, and Community Association Managers",119141
447,0.81,,Medical Secretaries,436013
448,0.81,,"Pressers, Textile, Garment, and Related Materials",516021
449,0.82,,Engine and Other Machine Assemblers,512031
450,0.82,,Security and Fire Alarm Systems Installers,492098
451,0.82,,"Refractory Materials Repairers, Except Brickmasons",499045
452,0.82,,Nonfarm Animal Caretakers,392021
453,0.82,1,Sheet Metal Workers,472211
454,0.82,,Pile-Driver Operators,472072
455,0.82,,Brickmasons and Blockmasons,472021
456,0.83,,Fishers and Related Fishing Workers,453011
456,0.83,,Fishers and Related Fishing Workers,453031
457,0.83,,Structural Iron and Steel Workers,472221
458,0.83,,"Railroad Brake, Signal, and Switch Operators",534021
458,0.83,,"Railroad Brake, Signal, and Switch Operators",534022
459,0.83,,Railroad Conductors and Yardmasters,534031
460,0.83,,"Cooks, Institution and Cafeteria",352012
461,0.83,,Sailors and Marine Oilers,535011
462,0.83,,"Mixing and Blending Machine Setters, Operators, and Tenders",519023
463,0.83,,"Helpers–Brickmasons, Blockmasons, Stonemasons, and Tile and Marble Setters",473011
464,0.83,,Segmental Pavers,474091
465,0.83,,"Insulation Workers, Floor, Ceiling, and Wall",472131
466,0.83,,Printing Press Operators,515112
466,0.83,,Printing Press Operators,515021
466,0.83,,Printing Press Operators,515112
466,0.83,,Printing Press Operators,515023
467,0.83,,Automotive and Watercraft Service Attendants,536031
468,0.83,,Septic Tank Servicers and Sewer Pipe Cleaners,474071
469,0.83,,Baggage Porters and Bellhops,396011
470,0.83,,Gaming Change Persons and Booth Cashiers,412012
471,0.83,,"Rolling Machine Setters, Operators, and Tenders, Metal and Plastic",514023
472,0.83,,"Paving, Surfacing, and Tamping Equipment Operators",472071
473,0.84,,Tool and Die Makers,514111
474,0.84,,Electrical and Electronics Engineering Technicians,173023
475,0.84,,Plasterers and Stucco Masons,472161
476,0.84,,"Layout Workers, Metal and Plastic",514192
477,0.84,,"Lathe and Turning Machine Tool Setters, Operators, and Tenders, Metal and Plastic",514034
478,0.84,,Security Guards,339032
479,0.84,,"Tailors, Dressmakers, and Custom Sewers",516052
480,0.84,,Wellhead Pumpers,537073
481,0.84,,Proofreaders and Copy Markers,439081
482,0.84,,Parking Enforcement Workers,333041
483,0.85,,"Laborers and Freight, Stock, and Material Movers, Hand",537062
484,0.85,,"Sales Representatives, Wholesale and Manufacturing, Except Technical and Scientific Products",414012
485,0.85,1,"Meter Readers, Utilities",435041
486,0.85,,Power Plant Operators,518013
487,0.85,,Chemical Plant and System Operators,518091
488,0.85,,"Earth Drillers, Except Oil and Gas",475021
488,0.85,,"Earth Drillers, Except Oil and Gas",475023
488,0.85,,"Earth Drillers, Except Oil and Gas",475021
488,0.85,,"Earth Drillers, Except Oil and Gas",475032
489,0.85,,Nuclear Technicians,194051
490,0.86,,Executive Secretaries and Executive Administrative Assistants,436011
491,0.86,,"Plant and System Operators, All Other",518099
492,0.86,,"Food Servers, Nonrestaurant",353041
493,0.86,,"Sawing Machine Setters, Operators, and Tenders, Wood",517041
494,0.86,,Subway and Streetcar Operators,534041
495,0.86,,Veterinary Assistants and Laboratory Animal Caretakers,319096
496,0.86,,"Cutting and Slicing Machine Setters, Operators, and Tenders",519032
497,0.86,,Real Estate Sales Agents,419022
498,0.86,1,"Computer-Controlled Machine Tool Operators, Metal and Plastic",514011
498,0.86,1,"Computer-Controlled Machine Tool Operators, Metal and Plastic",519161
499,0.86,,"Maintenance Workers, Machinery",499043
500,0.86,,Correspondence Clerks,434021
501,0.87,,Miscellaneous Agricultural Workers,452090
502,0.87,,Forest and Conservation Workers,454011
503,0.87,,"Pourers and Casters, Metal",514052
504,0.87,,Carpet Installers,472041
505,0.87,,Paperhangers,472142
506,0.87,,"Buyers and Purchasing Agents, Farm Products",131021
507,0.87,,Furniture Finishers,517021
508,0.87,,Food Preparation Workers,352021
509,0.87,,Floor Sanders and Finishers,472043
510,0.87,1,Parking Lot Attendants,536021
511,0.87,,Highway Maintenance Workers,474051
512,0.88,,Construction Laborers,472061
513,0.88,,"Production, Planning, and Expediting Clerks",435061
514,0.88,,Semiconductor Processors,519141
515,0.88,,Cartographers and Photogrammetrists,171021
516,0.88,,Metal-Refining Furnace Operators and Tenders,514051
517,0.88,,"Separating, Filtering, Clarifying, Precipitating, and Still Machine Setters, Operators, and Tenders",519012
518,0.88,,"Extruding and Forming Machine Setters, Operators, and Tenders, Synthetic and Glass Fibers",516091
519,0.88,,Terrazzo Workers and Finishers,472053
520,0.88,,"Tool Grinders, Filers, and Sharpeners",514194
521,0.88,,Rail Car Repairers,493043
522,0.89,,Bakers,513011
523,0.89,1,Medical Transcriptionists,319094
524,0.89,,Stonemasons,472022
525,0.89,,"Bus Drivers, School or Special Client",533022
525,0.89,,"Bus Drivers, School or Special Client",533051
525,0.89,,"Bus Drivers, School or Special Client",533022
525,0.89,,"Bus Drivers, School or Special Client",533053
526,0.89,1,Technical Writers,273042
527,0.89,,Riggers,499096
528,0.89,,Rail-Track Laying and Maintenance Equipment Operators,474061
529,0.89,,Stationary Engineers and Boiler Operators,518021
530,0.89,1,Sewing Machine Operators,516031
531,0.89,1,Taxi Drivers and Chauffeurs,533041
531,0.89,1,Taxi Drivers and Chauffeurs,533053
531,0.89,1,Taxi Drivers and Chauffeurs,533041
531,0.89,1,Taxi Drivers and Chauffeurs,533054
532,0.9,1,"Human Resources Assistants, Except Payroll and Timekeeping",434161
533,0.9,,Medical and Clinical Laboratory Technologists,292011
534,0.9,,Reinforcing Iron and Rebar Workers,472171
535,0.9,,Roofers,472181
536,0.9,,Crane and Tower Operators,537021
537,0.9,,Traffic Technicians,536041
538,0.9,,Transportation Inspectors,536051
539,0.9,,"Patternmakers, Metal and Plastic",514062
540,0.9,,"Molders, Shapers, and Casters, Except Metal and Plastic",519195
541,0.9,,Appraisers and Assessors of Real Estate,132021
541,0.9,,Appraisers and Assessors of Real Estate,132022
541,0.9,,Appraisers and Assessors of Real Estate,132021
541,0.9,,Appraisers and Assessors of Real Estate,132023
542,0.9,,"Pump Operators, Except Wellhead Pumpers",537072
543,0.9,,Signal and Track Switch Repairers,499097
544,0.91,,Gaming and Sports Book Writers and Runners,393012
545,0.91,,Musical Instrument Repairers and Tuners,499063
546,0.91,,Tour Guides and Escorts,397011
546,0.91,,Tour Guides and Escorts,396021
547,0.91,,Mechanical Door Repairers,499011
548,0.91,,"Food and Tobacco Roasting, Baking, and Drying Machine Operators and Tenders",513091
549,0.91,,Gas Compressor and Gas Pumping Station Operators,537071
550,0.91,,Medical Records and Health Information Technicians,292071
550,0.91,,Medical Records and Health Information Technicians,292072
550,0.91,,Medical Records and Health Information Technicians,292071
550,0.91,,Medical Records and Health Information Technicians,299021
551,0.91,,"Coating, Painting, and Spraying Machine Setters, Operators, and Tenders",519121
551,0.91,,"Coating, Painting, and Spraying Machine Setters, Operators, and Tenders",519124
552,0.91,,"Multiple Machine Tool Setters, Operators, and Tenders, Metal and Plastic",514081
553,0.91,,"Rail Yard Engineers, Dinkey Operators, and Hostlers",534013
554,0.91,,"Electrical and Electronics Installers and Repairers, Transportation Equipment",492093
555,0.91,,Dining Room and Cafeteria Attendants and Bartender Helpers,359011
556,0.91,,"Heat Treating Equipment Setters, Operators, and Tenders, Metal and Plastic",514191
557,0.91,,Geological and Petroleum Technicians,194041
557,0.91,,Geological and Petroleum Technicians,194043
557,0.91,,Geological and Petroleum Technicians,194041
557,0.91,,Geological and Petroleum Technicians,194044
558,0.91,,Automotive Body and Related Repairers,493021
559,0.91,,"Patternmakers, Wood",517032
560,0.91,,"Extruding and Drawing Machine Setters, Operators, and Tenders, Metal and Plastic",514021
561,0.92,,"Office Machine Operators, Except Computer",439071
562,0.92,,Pharmacy Technicians,292052
563,0.92,,Loan Interviewers and Clerks,434131
564,0.92,,Dredge Operators,537031
565,0.92,,Insurance Sales Agents,413021
566,0.92,,Cabinetmakers and Bench Carpenters,517011
567,0.92,,"Painting, Coating, and Decorating Workers",519123
568,0.92,,Fence Erectors,474031
569,0.92,,"Plating and Coating Machine Setters, Operators, and Tenders, Metal and Plastic",514193
570,0.92,,Retail Salespersons,412031
571,0.92,,"Combined Food Preparation and Serving Workers, Including Fast Food",353021
571,0.92,,"Combined Food Preparation and Serving Workers, Including Fast Food",353023
572,0.92,,"Production Workers, All Other",519399
573,0.92,,Helpers–Carpenters,473012
574,0.93,,Cooling and Freezing Equipment Operators and Tenders,519193
575,0.93,,Fiberglass Laminators and Fabricators,512091
575,0.93,,Fiberglass Laminators and Fabricators,512051
576,0.93,,"Service Unit Operators, Oil, Gas, and Mining",475013
577,0.93,,Conveyor Operators and Tenders,537011
578,0.93,,Outdoor Power Equipment and Other Small Engine Mechanics,493053
579,0.93,,Locomotive Firers,534012
579,0.93,,Locomotive Firers,534022
580,0.93,,Machine Feeders and Offbearers,537063
581,0.93,,"Model Makers, Metal and Plastic",514061
582,0.93,,"Radio, Cellular, and Tower Equipment Installers and Repairs",492021
583,0.93,,Butchers and Meat Cutters,513021
584,0.93,,"Extruding, Forming, Pressing, and Compacting Machine Setters, Operators, and Tenders",519041
585,0.93,,Refuse and Recyclable Material Collectors,537081
586,0.93,1,"Tax Examiners and Collectors, and Revenue Agents",132081
587,0.93,,"Forging Machine Setters, Operators, and Tenders, Metal and Plastic",514022
588,0.93,1,Industrial Truck and Tractor Operators,537051
589,0.94,1,Accountants and Auditors,132011
590,0.94,,"Drilling and Boring Machine Tool Setters, Operators, and Tenders, Metal and Plastic",514032
591,0.94,,"Mail Clerks and Mail Machine Operators, Except Postal Service",439051
592,0.94,0,Waiters and Waitresses,353031
593,0.94,,"Meat, Poultry, and Fish Cutters and Trimmers",513022
594,0.94,,Budget Analysts,132031
595,0.94,,Cement Masons and Concrete Finishers,472051
596,0.94,,Bicycle Repairers,493091
597,0.94,,"Coin, Vending, and Amusement Machine Servicers and Repairers",499091
598,0.94,,"Welders, Cutters, Solderers, and Brazers",514121
599,0.94,1,Couriers and Messengers,435021
600,0.94,,"Interviewers, Except Eligibility and Loan",434111
601,0.94,,"Cooks, Short Order",352015
602,0.94,,Excavating and Loading Machine and Dragline Operators,537032
602,0.94,,Excavating and Loading Machine and Dragline Operators,475022
602,0.94,,Excavating and Loading Machine and Dragline Operators,537032
602,0.94,,Excavating and Loading Machine and Dragline Operators,537199
603,0.94,,"Helpers–Painters, Paperhangers, Plasterers, and Stucco Masons",473014
604,0.94,,"Hotel, Motel, and Resort Desk Clerks",434081
605,0.94,,Tire Builders,519197
606,0.94,,"Door-to-Door Sales Workers, News and Street Vendors, and Related Workers",419091
607,0.94,,First-Line Supervisors of Housekeeping and Janitorial Workers,371011
608,0.94,,Agricultural Inspectors,452011
609,0.94,1,Paralegals and Legal Assistants,232011
609,0.94,1,Paralegals and Legal Assistants,232092
610,0.95,,Manicurists and Pedicurists,395092
611,0.95,,"Weighers, Measurers, Checkers, and Samplers, Recordkeeping",435111
612,0.95,,"Textile Cutting Machine Setters, Operators, and Tenders",516062
613,0.95,,Bill and Account Collectors,433011
614,0.95,,Nuclear Power Reactor Operators,518011
615,0.95,,Gaming Surveillance Officers and Gaming Investigators,339031
616,0.95,,"Library Assistants, Clerical",434121
617,0.95,,Operating Engineers and Other Construction Equipment Operators,472073
618,0.95,,Print Binding and Finishing Workers,515113
618,0.95,,Print Binding and Finishing Workers,515011
618,0.95,,Print Binding and Finishing Workers,515113
618,0.95,,Print Binding and Finishing Workers,515012
618,0.95,,Print Binding and Finishing Workers,515113
618,0.95,,Print Binding and Finishing Workers,515021
619,0.95,,Animal Breeders,452021
620,0.95,,"Molding, Coremaking, and Casting Machine Setters, Operators, and Tenders, Metal and Plastic",514072
621,0.95,1,Electrical and Electronic Equipment Assemblers,512022
622,0.95,,Adhesive Bonding Machine Operators and Tenders,519191
623,0.95,,Landscaping and Groundskeeping Workers,373011
624,0.95,,"Grinding, Lapping, Polishing, and Buffing Machine Tool Setters, Operators, and Tenders, Metal and Plastic",514033
625,0.95,,Postal Service Clerks,435051
626,0.95,,Jewelers and Precious Stone and Metal Workers,519071
627,0.96,,"Dispatchers, Except Police, Fire, and Ambulance",435032
628,0.96,,Receptionists and Information Clerks,434171
629,0.96,,"Office Clerks, General",439061
630,0.96,,Compensation and Benefits Managers,113111
630,0.96,,Compensation and Benefits Managers,113041
631,0.96,1,"Switchboard Operators, Including Answering Service",432011
632,0.96,,"Counter Attendants, Cafeteria, Food Concession, and Coffee Shop",353022
632,0.96,,"Counter Attendants, Cafeteria, Food Concession, and Coffee Shop",353023
633,0.96,,"Rock Splitters, Quarry",475051
634,0.96,,"Secretaries and Administrative Assistants, Except Legal, Medical, and Executive",436014
635,0.96,,Surveying and Mapping Technicians,173031
636,0.96,,"Model Makers, Wood",517031
637,0.96,,"Textile Winding, Twisting, and Drawing Out Machine Setters, Operators, and Tenders",516064
638,0.96,,Locomotive Engineers,534011
639,0.96,1,Gaming Dealers,393011
640,0.96,,"Fabric Menders, Except Garment",499093
640,0.96,,"Fabric Menders, Except Garment",499099
641,0.96,,"Cooks, Restaurant",352014
642,0.96,,"Ushers, Lobby Attendants, and Ticket Takers",393031
643,0.96,,Billing and Posting Clerks,433021
644,0.97,,Bridge and Lock Tenders,536011
645,0.97,,"Woodworking Machine Setters, Operators, and Tenders, Except Sawing",517042
646,0.97,,Team Assemblers,512092
647,0.97,,Shoe Machine Operators and Tenders,516042
648,0.97,,Electromechanical Equipment Assemblers,512023
649,0.97,1,Farm Labor Contractors,131074
649,0.97,1,Farm Labor Contractors,451012
650,0.97,,Textile Bleaching and Dyeing Machine Operators and Tenders,516061
651,0.97,,Dental Laboratory Technicians,519081
652,0.97,,"Crushing, Grinding, and Polishing Machine Setters, Operators, and Tenders",519021
653,0.97,,"Grinding and Polishing Workers, Hand",519022
654,0.97,,"Pesticide Handlers, Sprayers, and Applicators, Vegetation",373012
655,0.97,,Log Graders and Scalers,454023
656,0.97,,Ophthalmic Laboratory Technicians,519083
657,0.97,1,Cashiers,412011
658,0.97,,Camera and Photographic Equipment Repairers,499061
659,0.97,,Motion Picture Projectionists,393021
660,0.97,,Prepress Technicians and Workers,515111
660,0.97,,Prepress Technicians and Workers,515022
661,0.97,,Counter and Rental Clerks,412021
662,0.97,1,File Clerks,434071
663,0.97,,Real Estate Brokers,419021
664,0.97,,Telephone Operators,432021
665,0.97,,Agricultural and Food Science Technicians,194011
665,0.97,,Agricultural and Food Science Technicians,194012
665,0.97,,Agricultural and Food Science Technicians,194011
665,0.97,,Agricultural and Food Science Technicians,194013
666,0.97,,Payroll and Timekeeping Clerks,433051
667,0.97,1,"Credit Authorizers, Checkers, and Clerks",434041
668,0.97,,"Hosts and Hostesses, Restaurant, Lounge, and Coffee Shop",359031
669,0.98,,Models,419012
670,0.98,,"Inspectors, Testers, Sorters, Samplers, and Weighers",519061
671,0.98,,"Bookkeeping, Accounting, and Auditing Clerks",433031
672,0.98,,Legal Secretaries,436012
673,0.98,,Radio Operators,274013
673,0.98,,Radio Operators,432099
674,0.98,,Driver/Sales Workers,533031
675,0.98,1,"Claims Adjusters, Examiners, and Investigators",131031
676,0.98,,Parts Salespersons,412022
677,0.98,1,Credit Analysts,132041
678,0.98,,"Milling and Planing Machine Setters, Operators, and Tenders, Metal and Plastic",514035
679,0.98,,"Shipping, Receiving, and Traffic Clerks",435071
680,0.98,,Procurement Clerks,433061
681,0.98,,Packaging and Filling Machine Operators and Tenders,519111
682,0.98,,Etchers and Engravers,519194
683,0.98,,Tellers,433071
684,0.98,,"Umpires, Referees, and Other Sports Officials",272023
685,0.98,,"Insurance Appraisers, Auto Damage",131032
686,0.98,1,Loan Officers,132072
687,0.98,,Order Clerks,434151
688,0.98,,Brokerage Clerks,434011
689,0.98,,Insurance Claims and Policy Processing Clerks,439041
690,0.98,,Timing Device Assemblers and Adjusters,512093
690,0.98,,Timing Device Assemblers and Adjusters,512061
691,0.99,1,Data Entry Keyers,439021
692,0.99,,Library Technicians,254031
693,0.99,,New Accounts Clerks,434141
694,0.99,,Photographic Process Workers and Processing Machine Operators,519151
694,0.99,,Photographic Process Workers and Processing Machine Operators,519131
694,0.99,,Photographic Process Workers and Processing Machine Operators,519151
694,0.99,,Photographic Process Workers and Processing Machine Operators,519132
695,0.99,,Tax Preparers,132082
696,0.99,,Cargo and Freight Agents,435011
697,0.99,,Watch Repairers,499064
698,0.99,1,Insurance Underwriters,132053
699,0.99,,Mathematical Technicians,152091
699,0.99,,Mathematical Technicians,152099
700,0.99,,"Sewers, Hand",516051
701,0.99,,"Title Examiners, Abstractors, and Searchers",232093
702,0.99,,Telemarketers,419041
